ABE,CHI,4
ABE,MDW,35
ABE,ORD,2149
ABE,MCO,1177
ABE,PIE,370
ABE,TPA,137
ABQ,BOS,14702
ABQ,BUR,8284
ABQ,BWI,25921
ABQ,CHI,14
ABQ,DAL,52438
ABQ,DCA,21775
ABQ,DFW,26107
ABQ,EFD,86
ABQ,EWR,12984
ABQ,HOU,20498
ABQ,HPN,541
ABQ,IAD,12682
ABQ,IAH,17008
ABQ,ISP,1913
ABQ,JFK,7806
ABQ,LAX,71439
ABQ,LGA,19443
ABQ,LGB,1733
ABQ,MDW,14154
ABQ,MHT,3674
ABQ,NYC,51
ABQ,OAK,34617
ABQ,ONT,13136
ABQ,ORD,21722
ABQ,PVD,4450
ABQ,SFO,20684
ABQ,SJC,14065
ABQ,SNA,10006
ABQ,SWF,471
ABQ,WAS,40
ABQ,MSP,109
ABQ,MCI,6172
ABQ,FLL,532
ABQ,MIA,184
ABQ,TPA,850
ABQ,PHX,36749
ABQ,SMF,848
ABQ,SEA,599
ABQ,DET,19
ABQ,DTW,224
ABQ,LAS,2114
ACY,DTW,3074
ACY,FLL,41236
ACY,MIA,67
ACY,BOS,1617
ACY,MCO,446
ACY,MHT,29
ACY,PVD,18
ACY,TPA,15893
ACY,CLE,368
ALB,BWI,33832
ALB,DCA,14808
ALB,FLL,24281
ALB,IAD,2693
ALB,LAX,13699
ALB,LGB,40
ALB,MDW,7157
ALB,MIA,4631
ALB,ONT,1492
ALB,ORD,21873
ALB,SNA,2483
ALB,TPA,25301
ALB,CHI,1
ALB,MCO,1967
ALB,ORL,1
ALB,RSW,108
ALB,WAS,8
ALB,BUR,679
ALB,PIE,320
ALB,DTW,320
ALB,OAK,2357
ALB,SFO,7135
ALB,SJC,2640
ALB,EWR,96
ALB,ISP,2
ALB,JFK,112
ALB,LGA,100
ALB,LAS,818
AMA,DAL,36534
AMA,DFW,12313
AMA,HOU,10130
AMA,IAH,7430
AMA,EFD,15
ASE,BUR,34
ASE,CHI,1
ASE,EWR,1676
ASE,JFK,100
ASE,LAX,3080
ASE,LGA,3052
ASE,NYC,4
ASE,ONT,48
ASE,ORD,651
ASE,SNA,256
ASE,HPN,95
ASE,ISP,1
ASE,MDW,10
ASE,LGB,5
ATL,BOS,193887
ATL,BUR,3633
ATL,BWI,142242
ATL,CAK,30980
ATL,CHI,19
ATL,CLE,53727
ATL,DCA,162117
ATL,DFW,224197
ATL,DTT,66
ATL,DTW,31433
ATL,EFD,164
ATL,EWR,217963
ATL,FLL,179134
ATL,HOU,65616
ATL,HPN,26099
ATL,IAD,116513
ATL,IAH,83801
ATL,ISP,4091
ATL,JFK,40719
ATL,LAX,196608
ATL,LGA,334896
ATL,LGB,3259
ATL,MDW,99750
ATL,MHT,9983
ATL,MIA,133988
ATL,NYC,480
ATL,OAK,17152
ATL,ONT,19868
ATL,ORD,213869
ATL,ORF,31646
ATL,PHF,24922
ATL,PVD,21811
ATL,RSW,2026
ATL,SFO,120469
ATL,SJC,23977
ATL,SNA,36796
ATL,SWF,5306
ATL,TPA,142318
ATL,WAS,118
ATL,MCO,7781
ATL,MSP,479
ATL,BDL,4981
ATL,MCI,29083
ATL,SMF,3408
ATL,DAL,24097
ATL,DET,471
ATL,PHX,48011
ATL,AZA,19
ATL,CMH,19832
ATL,SEA,1332
ATL,LAS,4496
AUS,BOS,40246
AUS,BUR,5349
AUS,BWI,37104
AUS,CHI,6
AUS,DAL,97991
AUS,DCA,26554
AUS,DFW,34610
AUS,EWR,45132
AUS,FLL,25265
AUS,HOU,35357
AUS,HPN,1636
AUS,IAD,18918
AUS,IAH,13660
AUS,ISP,1882
AUS,JFK,40143
AUS,LAX,76603
AUS,LGA,25330
AUS,LGB,11091
AUS,MDW,20220
AUS,MHT,4661
AUS,MIA,9997
AUS,NYC,65
AUS,OAK,16384
AUS,ONT,9376
AUS,ORD,61840
AUS,PVD,7271
AUS,SFO,54397
AUS,SJC,50962
AUS,SNA,15169
AUS,SWF,1335
AUS,WAS,59
AUS,EFD,56
AUS,MCO,906
AUS,MSP,98
AUS,MCI,4322
AUS,DTW,2193
AUS,TPA,16134
AUS,PHX,28089
AUS,AZA,1
AUS,CAK,195
AUS,CLE,1977
AUS,PIE,297
AUS,SEA,415
AUS,CMH,629
AUS,LCK,58
AUS,LAS,1808
BDL,BUR,1567
BDL,BWI,54927
BDL,DCA,35666
BDL,EFD,32
BDL,FLL,64398
BDL,HOU,4799
BDL,IAD,13417
BDL,IAH,12129
BDL,LAX,36365
BDL,LGB,293
BDL,MIA,18178
BDL,OAK,5758
BDL,ONT,4557
BDL,SFO,23758
BDL,SJC,7008
BDL,SNA,7930
BDL,TPA,68266
BDL,CAK,630
BDL,CHI,5
BDL,CLE,8716
BDL,DFW,30047
BDL,DTW,5908
BDL,MDW,17132
BDL,ORD,61240
BDL,RSW,3131
BDL,MCO,10418
BDL,MSP,1525
BDL,WAS,30
BDL,LAS,2701
BDL,PBI,4000
BDL,PHL,1815
BDL,PHX,12201
BDL,PIT,1292
BDL,RDU,1491
BDL,SRQ,124
BDL,STL,1017
BDL,CLT,1288
BDL,DEN,1321
BDL,ORL,1
BDL,FMY,1
BDL,JAX,453
BDL,MSY,499
BDL,DAL,1241
BDL,EWR,148
BDL,JFK,33
BDL,LGA,76
BDL,NYC,6
BDL,SEA,837
BDL,IND,461
BDL,SAN,469
BDL,CVG,287
BDL,MKE,154
BDL,MCI,159
BHM,BUR,1121
BHM,BWI,31576
BHM,CHI,29
BHM,DCA,12259
BHM,DFW,20786
BHM,EWR,9117
BHM,FLL,9012
BHM,HOU,17739
BHM,HPN,700
BHM,IAD,3309
BHM,IAH,14046
BHM,ISP,1549
BHM,JFK,1571
BHM,LAX,14481
BHM,LGA,18833
BHM,LGB,93
BHM,MDW,22351
BHM,MIA,5559
BHM,NYC,140
BHM,ONT,3402
BHM,ORD,14623
BHM,SNA,3470
BHM,SWF,313
BHM,WAS,76
BHM,DTW,3604
BHM,EFD,46
BHM,MCO,1105
BHM,TPA,25086
BHM,DAL,11795
BHM,BOS,1584
BHM,MHT,551
BHM,PVD,1016
BHM,PHX,203
BHM,DET,69
BHM,DTT,3
BHM,OAK,351
BHM,SFO,650
BHM,SJC,335
BHM,LAS,708
BNA,BWI,70321
BNA,DCA,32710
BNA,EWR,35358
BNA,HPN,1321
BNA,IAD,8932
BNA,ISP,7530
BNA,JFK,9631
BNA,LGA,64720
BNA,NYC,29
BNA,OAK,13853
BNA,SFO,20937
BNA,SJC,9534
BNA,SWF,1024
BNA,TPA,49489
BNA,WAS,15
BNA,BOS,38369
BNA,BUR,2940
BNA,CAK,1420
BNA,CLE,35054
BNA,DET,271
BNA,DFW,50112
BNA,DTW,18308
BNA,FLL,43167
BNA,HOU,37029
BNA,IAH,19710
BNA,LAX,64045
BNA,LGB,264
BNA,MDW,64095
BNA,MHT,10177
BNA,MIA,16144
BNA,ONT,12257
BNA,ORD,48578
BNA,PVD,15808
BNA,SNA,9698
BNA,MCO,2882
BNA,MSP,112
BNA,EFD,43
BNA,MCI,13199
BNA,DAL,15609
BNA,PHX,20830
BNA,ORF,2758
BNA,PHF,274
BNA,CMH,4748
BNA,PIE,260
BNA,CHI,4
BNA,SEA,414
BNA,SMF,141
BNA,DTT,3
BNA,LAS,1500
BOI,BUR,5061
BOI,LAX,25530
BOI,LGB,892
BOI,OAK,13784
BOI,ONT,8447
BOI,SFO,14512
BOI,SJC,13288
BOI,SNA,9129
BOI,PHX,14600
BOI,SEA,651
BOI,BWI,1520
BOI,DCA,1003
BOI,IAD,983
BOI,DAL,159
BOI,DFW,649
BOI,MDW,380
BOI,ORD,1296
BOI,LAS,883
BOS,BUF,40441
BOS,BUR,3485
BOS,BWI,131904
BOS,CAK,11777
BOS,CHI,65
BOS,CLE,40505
BOS,CLT,76649
BOS,CMH,32877
BOS,CVG,34004
BOS,DAB,1031
BOS,DAY,11144
BOS,DCA,217189
BOS,DEN,119508
BOS,DFW,122704
BOS,DTW,75380
BOS,EFD,161
BOS,EWR,111810
BOS,FLL,158433
BOS,GSO,8958
BOS,HOU,18439
BOS,HPN,1548
BOS,IAD,104056
BOS,IAH,62710
BOS,IND,32007
BOS,ISP,1537
BOS,JAX,34566
BOS,JFK,56281
BOS,LAS,102087
BOS,LAX,207480
BOS,LGA,283481
BOS,LGB,21411
BOS,MCI,35185
BOS,MCO,220624
BOS,MDW,38116
BOS,MEM,15064
BOS,MIA,89259
BOS,MKE,38930
BOS,MLB,797
BOS,MSP,93396
BOS,MSY,39882
BOS,NYC,527
BOS,OAK,19828
BOS,ONT,7988
BOS,ORD,232508
BOS,ORF,16431
BOS,PBI,95451
BOS,PDX,36058
BOS,PHF,8702
BOS,PHL,150291
BOS,PHX,75537
BOS,PIT,68808
BOS,RDU,82299
BOS,RIC,38336
BOS,ROC,18633
BOS,RSW,104560
BOS,SAN,69751
BOS,SAT,17904
BOS,SEA,80995
BOS,SFO,221140
BOS,SJC,38587
BOS,SLC,37086
BOS,SMF,15780
BOS,SNA,16369
BOS,SRQ,12592
BOS,STL,41622
BOS,SWF,48
BOS,SYR,2495
BOS,TPA,118387
BOS,TUS,7085
BOS,WAS,131
BOS,CHS,19898
BOS,ORL,1
BOS,COS,2013
BOS,EYW,226
BOS,MYR,18693
BOS,PIE,423
BOS,SDF,10010
BOS,DAL,5402
BOS,SAV,17238
BOS,GRR,2176
BOS,MSN,3036
BOS,MDT,867
BOS,OMA,7279
BOS,TTN,418
BOS,OKC,621
BOS,GSP,683
BOS,RNO,222
BOS,TYS,131
BOS,DTT,1
BTR,BWI,276
BTR,DCA,473
BTR,DFW,13189
BTR,IAD,72
BTR,WAS,10
BTR,EFD,39
BTR,HOU,36
BTR,IAH,1547
BTR,DAL,163
BTR,EWR,79
BTR,HPN,3
BTR,ISP,1
BTR,JFK,14
BTR,LGA,112
BTR,SWF,1
BUF,BUR,1399
BUF,BWI,42132
BUF,DCA,13550
BUF,DTW,187
BUF,EWR,25461
BUF,FLL,41057
BUF,HPN,263
BUF,IAD,3839
BUF,ISP,1119
BUF,JFK,92981
BUF,LAX,23603
BUF,LGA,41158
BUF,MDW,15870
BUF,MIA,7800
BUF,ONT,2879
BUF,ORD,31933
BUF,SNA,4160
BUF,SWF,188
BUF,TPA,45093
BUF,MHT,1645
BUF,PVD,2589
BUF,CHI,8
BUF,MCO,2233
BUF,NYC,9
BUF,RSW,342
BUF,WAS,6
BUF,DFW,12256
BUF,DAL,1421
BUF,LGB,630
BUF,OAK,2688
BUF,SFO,10887
BUF,SJC,3159
BUF,PHX,11712
BUF,HOU,3494
BUF,IAH,5274
BUF,EFD,1
BUF,LAS,1322
BUR,BWI,4564
BUR,DCA,1772
BUR,EWR,2585
BUR,FLL,1490
BUR,GEG,7353
BUR,IAD,2073
BUR,ICT,838
BUR,JFK,30223
BUR,LGA,1748
BUR,MAF,16
BUR,MCO,3504
BUR,MEM,549
BUR,MIA,554
BUR,MKE,1297
BUR,MSP,2842
BUR,MSY,2346
BUR,OAK,193681
BUR,OKC,3274
BUR,OMA,3657
BUR,ORF,549
BUR,PBI,274
BUR,PDX,41611
BUR,PHL,3150
BUR,PHX,87269
BUR,PIT,1992
BUR,RDU,2274
BUR,RIC,420
BUR,RNO,13711
BUR,ROC,225
BUR,SAN,12
BUR,SAT,4430
BUR,SDF,1615
BUR,SEA,67725
BUR,SFO,61679
BUR,SJC,104741
BUR,SLC,17197
BUR,SMF,118691
BUR,STL,4261
BUR,TPA,2501
BUR,TUL,2865
BUR,TUS,3666
BUR,CLE,1863
BUR,CLT,1508
BUR,CMH,3243
BUR,COS,1170
BUR,CVG,307
BUR,DAY,281
BUR,DEN,23347
BUR,DET,17
BUR,DFW,19312
BUR,DSM,939
BUR,DTW,3348
BUR,ELP,3649
BUR,EUG,2150
BUR,FAT,6
BUR,HOU,4317
BUR,HSV,32
BUR,IAH,3185
BUR,IND,2916
BUR,JAX,709
BUR,LAS,130960
BUR,LIT,1394
BUR,MCI,4397
BUR,MDW,3831
BUR,ORD,4205
BUR,PVD,895
BUR,RSW,183
BUR,FSD,2
BUR,SWF,7
BUR,GRR,262
BUR,MHT,513
BUR,GSO,51
BUR,MFR,1162
BUR,EGE,1
BUR,HPN,26
BUR,DAL,2983
BUR,ISP,315
BUR,MSN,80
BUR,PHF,26
BUR,CAK,41
BUR,PSC,182
BUR,MRY,20
BUR,CHS,90
BUR,RDM,323
BUR,STS,10
BUR,BZN,78
BUR,SGF,29
BUR,CHI,1
BUR,MDT,3
BUR,SAC,2
BUR,SYR,191
BUR,JAN,46
BUR,XNA,67
BUR,MSO,81
BUR,PAE,18
BUR,LBB,8
BUR,FCA,39
BUR,TYS,3
BWI,PBI,37694
BWI,CAE,3922
BWI,CAK,750
BWI,CHI,13
BWI,CHS,17070
BWI,CLE,58840
BWI,CLT,53257
BWI,CMH,35426
BWI,COS,7175
BWI,CVG,16164
BWI,DAB,287
BWI,DAY,16763
BWI,DEN,77625
BWI,DFW,74178
BWI,DSM,4685
BWI,DTW,75453
BWI,EFD,305
BWI,ELP,9784
BWI,EWR,6033
BWI,FLL,133561
BWI,GSO,3112
BWI,GSP,5203
BWI,HOU,40801
BWI,HPN,996
BWI,HSV,9634
BWI,IAH,48212
BWI,IND,35662
BWI,ISP,30067
BWI,JAN,11699
BWI,JAX,45456
BWI,JFK,4638
BWI,LAS,109573
BWI,LAX,108866
BWI,LGA,8723
BWI,LGB,897
BWI,LIT,11938
BWI,MCI,42953
BWI,MCO,181293
BWI,MDW,92477
BWI,MEM,15274
BWI,MHT,77586
BWI,MIA,42069
BWI,MKE,23869
BWI,MOB,75
BWI,MSN,4550
BWI,MSP,44229
BWI,MSY,54241
BWI,OAK,24298
BWI,OKC,18604
BWI,OMA,11291
BWI,ONT,14983
BWI,ORD,94838
BWI,PDX,26034
BWI,PHX,81952
BWI,PIT,14405
BWI,PNS,7591
BWI,PVD,95799
BWI,PWM,12522
BWI,RDU,43765
BWI,RNO,10055
BWI,ROC,14681
BWI,RSW,36027
BWI,SAN,66081
BWI,SAT,44111
BWI,SDF,43433
BWI,SEA,55460
BWI,SFO,57146
BWI,SJC,22324
BWI,SLC,39010
BWI,SMF,21287
BWI,SNA,14077
BWI,SRQ,5584
BWI,STL,66553
BWI,SYR,3002
BWI,TPA,111274
BWI,TUL,8096
BWI,TUS,13235
BWI,TYS,2517
BWI,MLB,584
BWI,ORF,10868
BWI,SAV,6130
BWI,SWF,196
BWI,EYW,880
BWI,NYC,14
BWI,DET,1827
BWI,PHF,88
BWI,DAL,19202
BWI,PIE,8
BWI,TLH,1123
BWI,GRR,7672
BWI,MYR,1247
BWI,ECP,3967
BWI,VPS,581
BWI,ICT,386
BWI,CID,45
BWI,GEG,2107
BWI,FNT,684
BWI,LEX,51
BWI,MGM,21
BWI,LAN,32
CAE,DCA,10142
CAE,EWR,6650
CAE,HPN,447
CAE,IAD,4861
CAE,ISP,213
CAE,JFK,1541
CAE,LGA,10464
CAE,NYC,52
CAE,SWF,269
CAE,WAS,18
CAE,ORD,540
CAE,MDW,156
CAE,DAL,1
CAE,DFW,161
CAK,DCA,2432
CAK,DEN,9219
CAK,DFW,5784
CAK,DTW,321
CAK,EWR,1962
CAK,FLL,6672
CAK,HOU,1744
CAK,HPN,277
CAK,IAD,191
CAK,IAH,2688
CAK,ISP,121
CAK,JFK,311
CAK,LAS,6161
CAK,LAX,4076
CAK,LGA,21776
CAK,MCI,1386
CAK,MCO,25579
CAK,MIA,2586
CAK,MKE,1196
CAK,MSP,2236
CAK,MSY,1537
CAK,OAK,219
CAK,ONT,349
CAK,PBI,1640
CAK,PHL,3611
CAK,PHX,3685
CAK,RDU,1295
CAK,RSW,11228
CAK,SAN,2347
CAK,SFO,2996
CAK,SJC,512
CAK,SNA,1101
CAK,SRQ,69
CAK,STL,1094
CAK,SWF,117
CAK,TPA,17150
CAK,CLT,7464
CAK,MDW,706
CAK,MHT,519
CAK,ORD,5710
CAK,PVD,756
CAK,GSO,14
CAK,IND,230
CAK,JAX,403
CAK,ORF,66
CAK,CVG,14
CAK,SAT,102
CAK,SEA,2099
CAK,SLC,176
CAK,DAL,234
CAK,LGB,9
CAK,PIE,482
CAK,SDF,17
CAK,MYR,76
CAK,PHF,13
CAK,PDX,283
CAK,WAS,1
CAK,NYC,1
CGX,SPI,20
CHI,CLE,59
CHI,DCA,21
CHI,DEN,84
CHI,DFW,15
CHI,DTW,4
CHI,ELP,5
CHI,EVV,2
CHI,EWR,213
CHI,FLL,18
CHI,HOU,10
CHI,IAD,1
CHI,IAH,126
CHI,JAX,7
CHI,LAS,13
CHI,LAX,54
CHI,LEX,3
CHI,LGA,19
CHI,LIT,8
CHI,LNK,2
CHI,MCO,23
CHI,MEM,20
CHI,MIA,13
CHI,MSP,5
CHI,MSY,20
CHI,NYC,6
CHI,OKC,5
CHI,OMA,5
CHI,ORF,5
CHI,PBI,8
CHI,PHL,14
CHI,PHX,25
CHI,RSW,13
CHI,SAN,27
CHI,SAT,22
CHI,SDF,3
CHI,SEA,22
CHI,SFO,21
CHI,SJC,10
CHI,SNA,10
CHI,SPI,93
CHI,SRQ,4
CHI,STL,213
CHI,TPA,17
CHI,WAS,13
CHI,DAY,2
CHI,GSO,7
CHI,ISP,4
CHI,MCI,10
CHI,MDT,4
CHI,ONT,8
CHI,PDX,12
CHI,PIT,6
CHI,PSP,1
CHI,RDU,1
CHI,ROC,2
CHI,SLC,4
CHI,SYR,1
CHI,TUL,3
CHI,TUS,6
CHI,CHS,1
CHI,PVD,3
CHI,CMH,4
CHI,RNO,23
CHI,EGE,1
CHI,JFK,1
CHI,PWM,3
CHI,SMF,1
CHI,TYS,1
CHI,CLT,3
CHI,MHT,1
CHI,OAK,1
CHI,COS,2
CHI,EFD,1
CHI,SWF,1
CHI,DTT,1
CHS,DCA,26530
CHS,EWR,22097
CHS,HPN,962
CHS,IAD,7969
CHS,ISP,1010
CHS,JFK,17447
CHS,LGA,26670
CHS,NYC,64
CHS,ORD,16393
CHS,SWF,610
CHS,WAS,11
CHS,FLL,2411
CHS,MDW,7032
CHS,MIA,2484
CHS,MHT,2644
CHS,PVD,4778
CHS,DAL,2050
CHS,DFW,6879
CHS,HOU,2607
CHS,IAH,3003
CHS,LAX,4734
CHS,LGB,45
CHS,ONT,393
CHS,SNA,1141
CHS,OAK,100
CHS,SFO,789
CHS,SJC,134
CID,ORD,318
CID,PHX,1028
CID,DCA,138
CID,IAD,30
CID,WAS,2
CID,LAS,362
CLE,DCA,19624
CLE,DEN,37515
CLE,DFW,37758
CLE,DTW,2868
CLE,EFD,170
CLE,EWR,38111
CLE,FLL,43081
CLE,HOU,6932
CLE,HPN,3205
CLE,IAD,6932
CLE,IAH,33168
CLE,ISP,3924
CLE,JFK,8783
CLE,LAS,77412
CLE,LAX,57888
CLE,LGA,56956
CLE,LGB,320
CLE,MCI,16293
CLE,MCO,67228
CLE,MIA,19653
CLE,MKE,13505
CLE,MSP,28691
CLE,MSY,9055
CLE,NYC,65
CLE,OAK,5150
CLE,ONT,6842
CLE,PBI,8396
CLE,PHL,25180
CLE,PHX,48389
CLE,RDU,11365
CLE,RSW,38853
CLE,SAN,19917
CLE,SFO,36215
CLE,SJC,6269
CLE,SNA,8792
CLE,SRQ,525
CLE,STL,30632
CLE,SWF,441
CLE,TPA,43554
CLE,WAS,57
CLE,CLT,18961
CLE,MDW,62511
CLE,MHT,7630
CLE,ORD,81233
CLE,PVD,12602
CLE,GSO,303
CLE,IND,4710
CLE,JAX,1578
CLE,ORF,845
CLE,PHF,46
CLE,CVG,550
CLE,SAT,935
CLE,SEA,19264
CLE,SLC,2760
CLE,PIE,2473
CLE,DAL,2354
CLE,SDF,521
CLE,MYR,1065
CLE,PDX,3021
CLT,DCA,31601
CLT,DFW,62157
CLT,DTW,6704
CLT,EWR,69848
CLT,FLL,35734
CLT,HOU,4262
CLT,HPN,5111
CLT,IAD,17402
CLT,IAH,31392
CLT,ISP,1791
CLT,JFK,39330
CLT,LAX,49706
CLT,LGA,118320
CLT,LGB,699
CLT,MDW,10384
CLT,MIA,31242
CLT,NYC,9
CLT,OAK,2839
CLT,ONT,6631
CLT,ORD,81530
CLT,SFO,41856
CLT,SJC,5871
CLT,SNA,8585
CLT,SWF,1256
CLT,TPA,35130
CLT,MHT,8413
CLT,PVD,19845
CLT,MCO,1572
CLT,MSP,111
CLT,DAL,2924
CLT,EFD,30
CLT,MCI,3521
CLT,PHX,20425
CLT,CMH,4980
CLT,SEA,128
CLT,LAS,1391
CMH,DCA,32376
CMH,DFW,40855
CMH,DTW,93
CMH,EWR,34688
CMH,FLL,30048
CMH,HOU,8107
CMH,HPN,1532
CMH,IAD,6007
CMH,IAH,19813
CMH,ISP,2784
CMH,JFK,8606
CMH,LAX,42460
CMH,LGA,54049
CMH,LGB,758
CMH,MIA,16137
CMH,NYC,22
CMH,OAK,8718
CMH,ONT,7752
CMH,RSW,13642
CMH,SFO,21780
CMH,SJC,8087
CMH,SNA,9877
CMH,SWF,725
CMH,TPA,54030
CMH,WAS,5
CMH,MDW,51698
CMH,MHT,5159
CMH,ORD,60207
CMH,PVD,6926
CMH,MCO,28147
CMH,MSP,8785
CMH,EFD,78
CMH,MCI,4483
CMH,DAL,5037
CMH,PHX,22306
CMH,DEN,12986
CMH,LAS,18446
CMH,PHL,9203
CMH,SAN,4860
CMH,STL,5173
CMH,MSY,388
CMH,SEA,5700
CMH,SLC,180
COS,DCA,9055
COS,DFW,26097
COS,EWR,5569
COS,HPN,110
COS,IAD,10263
COS,ISP,33
COS,JFK,330
COS,LAX,16975
COS,LGA,2391
COS,LGB,790
COS,NYC,7
COS,OAK,1545
COS,ONT,3941
COS,SFO,6236
COS,SJC,5166
COS,SNA,4151
COS,WAS,13
COS,EFD,99
COS,HOU,439
COS,IAH,7268
COS,MCI,773
COS,MCO,926
COS,SWF,73
COS,MDW,1527
COS,MHT,173
COS,ORD,6797
COS,PVD,172
COS,FLL,49
COS,MIA,358
COS,DAL,50
COS,PHX,2547
COS,DTW,128
COS,SEA,405
COS,LAS,1116
CRP,DAL,19887
CRP,DFW,14878
CRP,HOU,14449
CRP,IAH,6554
CRP,EFD,28
CVG,DCA,25772
CVG,DFW,32008
CVG,DTT,12
CVG,DTW,2247
CVG,EWR,32235
CVG,FLL,27138
CVG,HOU,3195
CVG,HPN,2888
CVG,IAD,7128
CVG,IAH,13950
CVG,ISP,940
CVG,JFK,6452
CVG,LAX,35533
CVG,LGA,43716
CVG,LGB,171
CVG,MIA,16794
CVG,NYC,163
CVG,OAK,1316
CVG,ONT,2838
CVG,RSW,1066
CVG,SFO,27324
CVG,SJC,3293
CVG,SNA,5990
CVG,SWF,942
CVG,TPA,28101
CVG,WAS,27
CVG,MDW,3244
CVG,MHT,3266
CVG,ORD,48003
CVG,PVD,5849
CVG,MCO,1935
CVG,MSP,137
CVG,DAL,399
CVG,EFD,9
CVG,MCI,700
CVG,PIE,4269
CVG,PHX,8044
CVG,SEA,327
CVG,LAS,797
DAB,DCA,216
DAB,EWR,8851
DAB,IAD,127
DAB,ISP,536
DAB,JFK,2880
DAB,LGA,3043
DAB,NYC,35
DAB,SWF,445
DAB,WAS,7
DAB,MHT,110
DAB,PVD,336
DAB,HPN,237
DAL,ELP,54438
DAL,HOU,232763
DAL,HRL,24597
DAL,IAH,32021
DAL,LBB,49457
DAL,LIT,37301
DAL,MAF,40914
DAL,MSY,73998
DAL,OKC,20737
DAL,SAT,115794
DAL,TUL,37223
DAL,LAX,34885
DAL,MCI,36985
DAL,PHX,30020
DAL,STL,34841
DAL,JAN,1416
DAL,LAS,29224
DAL,MCO,19641
DAL,SAN,17586
DAL,MDW,32454
DAL,DCA,17948
DAL,DEN,25922
DAL,DTW,5136
DAL,EFD,61
DAL,EWR,3111
DAL,FLL,9884
DAL,GSO,80
DAL,IAD,1142
DAL,IND,5305
DAL,JAX,3073
DAL,LGA,23362
DAL,MFE,208
DAL,MIA,545
DAL,OAK,9345
DAL,OMA,3896
DAL,ONT,4343
DAL,PBI,522
DAL,PDX,5992
DAL,PIT,3871
DAL,RDU,5727
DAL,RNO,1799
DAL,SDF,2423
DAL,SEA,7973
DAL,SFO,13355
DAL,SJC,7022
DAL,SLC,4043
DAL,SMF,5300
DAL,SNA,4770
DAL,TPA,12762
DAL,TUS,1333
DAL,MHT,1153
DAL,ORD,1847
DAL,PVD,1439
DAL,ISP,764
DAL,MEM,3412
DAL,PHL,5325
DAL,RSW,806
DAL,TYS,32
DAL,DAY,186
DAL,HPN,66
DAL,JFK,151
DAL,MKE,4179
DAL,MSP,3469
DAL,ORF,1216
DAL,RIC,793
DAL,SWF,2
DAL,PHF,62
DAL,EGE,1
DAL,PNS,491
DAL,GSP,939
DAL,DSM,260
DAL,ICT,741
DAL,GRR,481
DAL,LGB,94
DAL,SAV,6
DAL,VPS,51
DAL,ECP,510
DAL,GPT,2
DAL,GEG,62
DAY,DCA,17942
DAY,EWR,11441
DAY,FLL,6362
DAY,HPN,1298
DAY,IAD,2933
DAY,ISP,538
DAY,JFK,1008
DAY,LAX,15486
DAY,LGA,16278
DAY,LGB,118
DAY,MIA,5208
DAY,OAK,285
DAY,ONT,1958
DAY,SFO,3489
DAY,SJC,691
DAY,SNA,3347
DAY,SWF,343
DAY,TPA,14614
DAY,DFW,19145
DAY,MDW,2368
DAY,MHT,1795
DAY,ORD,9611
DAY,PVD,1797
DAY,MCO,1345
DAY,PIE,72
DAY,WAS,1
DAY,LAS,341
DAY,NYC,1
DAY,HOU,24
DAY,IAH,157
DCA,PBI,41800
DCA,DEN,73424
DCA,DFW,101881
DCA,DSM,13849
DCA,DTW,66482
DCA,EFD,222
DCA,ELP,9834
DCA,EWR,34984
DCA,FLL,89927
DCA,GSO,4206
DCA,GSP,6083
DCA,HOU,15291
DCA,HPN,9483
DCA,HSV,20089
DCA,IAH,59393
DCA,IND,39737
DCA,ISP,1444
DCA,JAN,8369
DCA,JAX,35700
DCA,JFK,24687
DCA,LAS,36768
DCA,LAX,65903
DCA,LGA,241931
DCA,LGB,1495
DCA,LIT,11350
DCA,MCI,51960
DCA,MCO,111792
DCA,MDW,30743
DCA,MEM,27295
DCA,MHT,14436
DCA,MIA,88665
DCA,MKE,40548
DCA,MOB,183
DCA,MSN,12679
DCA,MSP,74607
DCA,MSY,50628
DCA,NYC,575
DCA,OAK,7523
DCA,OKC,13300
DCA,OMA,28286
DCA,ONT,8232
DCA,ORD,185559
DCA,PDX,22910
DCA,PHX,40045
DCA,PIT,18325
DCA,PNS,10938
DCA,PVD,34328
DCA,PWM,14684
DCA,RDU,37997
DCA,RNO,5452
DCA,ROC,11106
DCA,RSW,29964
DCA,SAN,34717
DCA,SAT,27430
DCA,SDF,16294
DCA,SEA,45429
DCA,SFO,48865
DCA,SJC,12076
DCA,SLC,25186
DCA,SMF,12256
DCA,SNA,15049
DCA,SRQ,5323
DCA,STL,50381
DCA,SWF,329
DCA,SYR,12811
DCA,TPA,75653
DCA,TUL,7216
DCA,TUS,14001
DCA,TYS,7892
DCA,MLB,1049
DCA,ORF,3732
DCA,SAV,7586
DCA,EYW,964
DCA,PHF,11
DCA,TLH,2313
DCA,GRR,5088
DCA,MYR,819
DCA,ECP,633
DCA,VPS,1290
DCA,ICT,652
DCA,GEG,1091
DCA,FNT,36
DCA,LEX,139
DCA,MGM,59
DCA,LAN,64
DEN,DTW,13738
DEN,EFD,321
DEN,EWR,101154
DEN,FLL,63717
DEN,HOU,38748
DEN,HPN,2405
DEN,IAD,94638
DEN,IAH,117440
DEN,ISP,1997
DEN,JFK,40236
DEN,LAX,235212
DEN,LGA,137130
DEN,LGB,2348
DEN,MIA,42263
DEN,NYC,52
DEN,OAK,48221
DEN,ONT,37130
DEN,SFO,182182
DEN,SJC,70814
DEN,SNA,93502
DEN,SWF,1633
DEN,TPA,67229
DEN,WAS,60
DEN,DFW,172001
DEN,MDW,101633
DEN,MHT,10576
DEN,ORD,173565
DEN,PVD,11656
DEN,MCO,3679
DEN,MSP,694
DEN,ORL,1
DEN,RSW,103
DEN,MCI,33622
DEN,SMF,5405
DEN,PIE,399
DEN,PHX,135609
DEN,ORF,8287
DEN,PHF,3354
DEN,SEA,2627
DEN,MKC,2
DEN,LAS,5867
DET,HOU,275
DET,IND,475
DET,LAS,107
DET,LAX,138
DET,MCI,288
DET,MSY,33
DET,OAK,30
DET,ONT,68
DET,PHX,373
DET,SAN,69
DET,SAT,35
DET,SFO,40
DET,STL,246
DET,TUL,89
DET,MDW,1151
DET,EWR,2059
DET,MCO,948
DET,MKE,4
DET,RSW,103
DET,LGA,938
DET,PHL,493
DET,TPA,44
DET,SEA,29
DET,OKC,61
DET,SDF,21
DET,SJC,4
DET,LIT,42
DET,RNO,4
DFW,DSM,7966
DFW,DTT,4
DFW,DTW,88276
DFW,EFD,157
DFW,ELP,28732
DFW,EWR,120228
DFW,FLL,66076
DFW,FYV,597
DFW,GSO,8449
DFW,HOU,23200
DFW,HPN,3918
DFW,HRL,2537
DFW,IAD,60369
DFW,IAH,80266
DFW,ICT,6738
DFW,IND,44249
DFW,ISP,1390
DFW,JAN,8763
DFW,JAX,33807
DFW,JFK,22808
DFW,LAS,150676
DFW,LAX,187790
DFW,LBB,13172
DFW,LGA,195302
DFW,LGB,22345
DFW,LIT,20583
DFW,MAF,8704
DFW,MCI,69735
DFW,MCO,131178
DFW,MEM,28011
DFW,MFE,14527
DFW,MIA,59585
DFW,MKE,38413
DFW,MSP,105006
DFW,MSY,46670
DFW,NYC,133
DFW,OAK,23719
DFW,OKC,12622
DFW,OMA,25846
DFW,ONT,34213
DFW,ORF,18998
DFW,PBI,19429
DFW,PDX,44515
DFW,PHF,4405
DFW,PHL,108316
DFW,PHX,103820
DFW,PIT,41982
DFW,RDU,50923
DFW,RIC,24622
DFW,RNO,18603
DFW,RSW,14038
DFW,SAN,73434
DFW,SAT,44905
DFW,SDF,23109
DFW,SEA,97169
DFW,SFO,116594
DFW,SGF,560
DFW,SHV,218
DFW,SJC,50354
DFW,SLC,55342
DFW,SMF,32882
DFW,SNA,71434
DFW,STL,64201
DFW,SWF,2167
DFW,TPA,71666
DFW,TUL,23582
DFW,TUS,21516
DFW,WAS,44
DFW,MDW,39543
DFW,MHT,5471
DFW,ORD,224327
DFW,PVD,11347
DFW,ORL,1
DFW,EGE,1046
DFW,XNA,2324
DFW,TYS,2203
DFW,PIE,3
DFW,PNS,2352
DFW,GSP,5253
DFW,GRR,6025
DFW,PSP,182
DFW,SAV,492
DFW,VPS,3507
DFW,ECP,284
DFW,GPT,171
DFW,ROC,166
DFW,GEG,331
DFW,HSV,103
DFW,SBN,137
DSM,EWR,6429
DSM,HPN,698
DSM,IAD,2774
DSM,ISP,86
DSM,JFK,841
DSM,LAX,11376
DSM,LGA,11122
DSM,LGB,304
DSM,ONT,1960
DSM,SNA,4014
DSM,SWF,154
DSM,MDW,2467
DSM,ORD,19485
DSM,FLL,423
DSM,MCO,259
DSM,MIA,632
DSM,PHX,12911
DSM,PIE,1204
DSM,TPA,657
DSM,OAK,247
DSM,SFO,1876
DSM,SJC,410
DSM,LAS,710
DSM,NYC,1
DTT,FLL,10
DTT,HOU,2
DTT,LAX,22
DTT,MCO,28
DTT,MIA,13
DTT,MSY,3
DTT,PBI,14
DTT,RSW,9
DTT,SAT,1
DTT,SDF,1
DTT,SRQ,5
DTT,TPA,14
DTT,LAS,7
DTT,SAN,6
DTT,SEA,5
DTT,SJC,4
DTT,MEM,1
DTT,PHX,2
DTT,SFO,2
DTT,RNO,3
DTT,STL,2
DTT,JAX,2
DTT,ONT,2
DTT,SLC,2
DTT,SNA,3
DTT,PDX,5
DTT,OAK,1
DTT,MDW,1
DTW,EFD,109
DTW,EWR,71816
DTW,FLL,110676
DTW,HOU,12263
DTW,HPN,9716
DTW,IAD,22052
DTW,IAH,52140
DTW,IND,12189
DTW,ISP,1269
DTW,JFK,16261
DTW,LAS,33194
DTW,LAX,131092
DTW,LGA,155991
DTW,LGB,1471
DTW,MCI,22742
DTW,MCO,37036
DTW,MEM,4480
DTW,MIA,51415
DTW,MKE,9405
DTW,MSP,16788
DTW,MSY,6982
DTW,NYC,9
DTW,OAK,14276
DTW,ONT,11186
DTW,PBI,11013
DTW,PHL,20029
DTW,PHX,77240
DTW,PIT,5131
DTW,RDU,6897
DTW,RSW,18669
DTW,SAN,9840
DTW,SAT,4652
DTW,SDF,6204
DTW,SEA,9619
DTW,SFO,68280
DTW,SJC,16013
DTW,SLC,4746
DTW,SNA,21432
DTW,SRQ,2532
DTW,STL,20927
DTW,SWF,1537
DTW,TPA,114311
DTW,TUL,222
DTW,TUS,97
DTW,WAS,8
DTW,MDW,64127
DTW,MHT,11426
DTW,ORD,121693
DTW,PVD,16559
DTW,GSO,374
DTW,JAX,4996
DTW,OKC,892
DTW,ORF,3772
DTW,PHF,102
DTW,MYR,4378
DTW,RNO,3313
DTW,PDX,3835
DTW,PIE,2046
DTW,SMF,177
DTW,LIT,200
DTW,OMA,125
DTW,GSP,138
EFD,EWR,318
EFD,FLL,127
EFD,IAD,63
EFD,IND,69
EFD,LAS,199
EFD,LAX,293
EFD,LGA,162
EFD,MAF,21
EFD,MCI,79
EFD,MCO,425
EFD,MFE,56
EFD,MIA,117
EFD,MSP,67
EFD,MSY,167
EFD,OKC,40
EFD,ONT,58
EFD,PBI,14
EFD,PDX,62
EFD,PHL,205
EFD,PHX,113
EFD,PIT,93
EFD,SAN,106
EFD,SAT,52
EFD,SEA,205
EFD,SFO,257
EFD,SJC,81
EFD,SLC,79
EFD,SMF,33
EFD,SNA,142
EFD,STL,64
EFD,TPA,153
EFD,ELP,52
EFD,ORD,339
EFD,JAX,52
EFD,RNO,29
EFD,SDF,52
EFD,TUL,60
EFD,PVD,22
EFD,LIT,24
EFD,GSO,14
EFD,MDW,4
EFD,RDU,54
EFD,LBB,20
EFD,MEM,35
EFD,OMA,27
EFD,JAN,6
EFD,OAK,41
EFD,ORF,17
EFD,ISP,2
EFD,WAS,2
EFD,HRL,3
EFD,MKE,7
EFD,JFK,2
EFD,NYC,1
EFD,MHT,2
EGE,EWR,4748
EGE,HPN,107
EGE,ISP,7
EGE,LGA,2296
EGE,SWF,23
EGE,JFK,1626
EGE,LAX,301
EGE,ONT,3
EGE,SNA,12
EGE,ORD,1625
EGE,OAK,15
EGE,SFO,600
EGE,SJC,14
EGE,MDW,10
EGE,FLL,238
EGE,MIA,1586
ELP,EWR,3409
ELP,HOU,25097
ELP,HPN,86
ELP,IAD,4302
ELP,IAH,12070
ELP,ISP,128
ELP,JFK,995
ELP,LAX,38454
ELP,LGA,5338
ELP,LGB,1221
ELP,NYC,21
ELP,OAK,6531
ELP,ONT,8668
ELP,SFO,5050
ELP,SJC,6358
ELP,SNA,4174
ELP,SWF,77
ELP,WAS,20
ELP,MDW,5146
ELP,ORD,18038
ELP,PHX,15519
ELP,LAS,1359
EUG,LAX,14323
EUG,LGB,151
EUG,OAK,2429
EUG,ONT,2501
EUG,SFO,10294
EUG,SJC,1769
EUG,SNA,4203
EUG,PHX,602
EWR,HDN,199
EWR,IAD,12190
EWR,MCO,294051
EWR,OAK,7745
EWR,OKC,9804
EWR,OMA,14928
EWR,ORF,13410
EWR,PBI,151789
EWR,PDX,34595
EWR,PHF,45
EWR,PHX,106117
EWR,PIT,39692
EWR,PSP,2687
EWR,PWM,9968
EWR,RDU,59581
EWR,RIC,14511
EWR,RNO,7398
EWR,ROC,11773
EWR,SAN,66908
EWR,SAT,28435
EWR,SAV,18941
EWR,SBN,619
EWR,SBS,45
EWR,SEA,79656
EWR,SFO,220112
EWR,SJC,17995
EWR,SLC,30344
EWR,SMF,12601
EWR,SRQ,18610
EWR,STL,46671
EWR,SYR,4930
EWR,TPA,133117
EWR,TUL,6608
EWR,TUS,11488
EWR,WAS,265
EWR,EYW,3464
EWR,FLL,228212
EWR,GRR,10030
EWR,GSO,20648
EWR,GSP,13428
EWR,HOU,11803
EWR,HSV,241
EWR,IAH,106202
EWR,IND,34949
EWR,JAX,39587
EWR,LAS,149570
EWR,LAX,241714
EWR,LEX,814
EWR,LGB,972
EWR,LIT,4138
EWR,MCI,33612
EWR,MDW,51011
EWR,MEM,20682
EWR,MHT,6890
EWR,MIA,133344
EWR,MKE,26454
EWR,MLB,2770
EWR,MSN,8371
EWR,MSP,62466
EWR,MSY,53809
EWR,MYR,17107
EWR,ONT,8540
EWR,ORD,235268
EWR,PVD,6155
EWR,RSW,81315
EWR,SDF,14356
EWR,SNA,40150
EWR,TYS,8332
EWR,ILM,1990
EWR,WHR,2
EWR,PHL,131
EWR,TLH,739
EWR,PIE,1359
EWR,XNA,4848
EWR,PNS,2588
EWR,JAC,1557
EWR,ROA,213
EWR,ICT,57
EWR,MVY,172
EWR,JAN,28
EYW,ISP,104
EYW,JFK,930
EYW,LGA,2216
EYW,NYC,4
EYW,SWF,37
EYW,HPN,95
EYW,IAD,233
EYW,MHT,13
EYW,PVD,24
FAT,LAX,589
FAT,ONT,19
FAT,SNA,90
FAT,PHX,2525
FAT,LAS,833
FLL,HPN,23009
FLL,IAD,45603
FLL,ISP,49390
FLL,JFK,221592
FLL,LGA,315377
FLL,MCO,33616
FLL,MKE,26708
FLL,MSP,34609
FLL,MSY,34691
FLL,NYC,543
FLL,OAK,9490
FLL,OMA,3631
FLL,ORF,14277
FLL,PDX,13537
FLL,PHF,4122
FLL,PHL,132934
FLL,PHX,36344
FLL,PIT,49668
FLL,PWM,325
FLL,RDU,38558
FLL,RIC,16668
FLL,ROC,12161
FLL,SAN,23326
FLL,SAT,13844
FLL,SEA,30658
FLL,SFO,51870
FLL,SJC,7184
FLL,SLC,18182
FLL,STL,34678
FLL,SWF,13362
FLL,SYR,11630
FLL,TLH,2762
FLL,TPA,68775
FLL,WAS,42
FLL,GRR,4048
FLL,GSO,6051
FLL,HOU,17176
FLL,IAH,39929
FLL,IND,41468
FLL,JAX,45603
FLL,LAS,66726
FLL,LAX,101226
FLL,LGB,9260
FLL,MCI,31086
FLL,MDT,734
FLL,MDW,77458
FLL,MEM,12791
FLL,MHT,13554
FLL,MSN,105
FLL,ONT,6458
FLL,ORD,119323
FLL,PVD,47829
FLL,SDF,12781
FLL,SNA,9506
FLL,TYS,5042
FLL,ORH,98
FLL,PIE,17
FLL,SMF,6447
FLL,GPT,3133
FLL,OKC,196
FLL,TOL,79
FLL,FNT,701
FLL,RNO,133
FLL,TUL,85
FLL,PBG,7791
FLL,LEX,1452
FLL,IAG,537
FLL,LBE,645
FLL,TTN,390
FLL,LCK,1076
FLL,GSP,590
FMY,MKE,59
GRR,HPN,925
GRR,ISP,248
GRR,JFK,829
GRR,LAX,13578
GRR,LGA,12392
GRR,MIA,2817
GRR,NYC,9
GRR,ONT,1880
GRR,SNA,4327
GRR,SWF,269
GRR,TPA,10101
GRR,ORD,1682
GRR,MCO,1074
GRR,MSP,97
GRR,MDW,159
GRR,RSW,366
GRR,PIE,5751
GRR,LGB,45
GRR,IAD,1454
GRR,PHX,4486
GRR,WAS,1
GRR,MHT,241
GRR,PVD,325
GRR,OAK,168
GRR,SFO,2675
GRR,SJC,544
GRR,LAS,413
GSO,HPN,732
GSO,IAD,1237
GSO,ISP,593
GSO,JFK,1052
GSO,LGA,33409
GSO,MIA,5590
GSO,NYC,22
GSO,SWF,446
GSO,MDW,1008
GSO,MHT,1463
GSO,ORD,12188
GSO,PVD,2098
GSO,HOU,214
GSO,IAH,1291
GSO,MCO,1268
GSO,TPA,2476
GSO,LAX,2948
GSO,ONT,613
GSO,SNA,937
GSO,LGB,23
GSO,OAK,1
GSO,SFO,162
GSO,SJC,8
GSP,HPN,731
GSP,IAD,3812
GSP,ISP,665
GSP,JFK,1431
GSP,LGA,14190
GSP,NYC,21
GSP,SWF,500
GSP,WAS,8
GSP,ORD,8123
GSP,MCO,861
GSP,MDW,4055
GSP,HOU,1376
GSP,IAH,1385
GSP,MIA,130
GSP,MHT,246
GSP,PVD,307
GSP,PIE,397
GSP,TPA,163
HOU,HPN,405
HOU,IAD,4427
HOU,IND,11740
HOU,JFK,16788
HOU,LAS,55386
HOU,LAX,52453
HOU,LBB,17195
HOU,LGA,26347
HOU,LGB,255
HOU,LIT,14365
HOU,MAF,31109
HOU,MCI,25881
HOU,MCO,36600
HOU,MEM,6255
HOU,MFE,59
HOU,MIA,1834
HOU,MSP,7494
HOU,MSY,104967
HOU,NYC,46
HOU,OAK,21950
HOU,OKC,33721
HOU,ONT,7294
HOU,PBI,590
HOU,PDX,5703
HOU,PHL,13486
HOU,PHX,33732
HOU,PIT,8187
HOU,RNO,3270
HOU,SAN,20247
HOU,SAT,35548
HOU,SEA,8909
HOU,SFO,7191
HOU,SJC,7786
HOU,SLC,7587
HOU,SMF,8229
HOU,SNA,7181
HOU,STL,43610
HOU,SWF,160
HOU,TPA,20562
HOU,TUL,40095
HOU,WAS,18
HOU,HRL,32349
HOU,MDW,63728
HOU,MHT,3435
HOU,ORD,2738
HOU,PVD,6583
HOU,ISP,3379
HOU,JAX,8577
HOU,ORL,1
HOU,SDF,4480
HOU,OMA,4977
HOU,RDU,10677
HOU,JAN,12425
HOU,ORF,2974
HOU,PHF,1723
HOU,MKE,3554
HOU,RSW,83
HOU,RIC,764
HDN,HPN,4
HDN,LGA,105
HDN,SWF,2
HDN,ISP,1
HPN,IAD,1254
HPN,MCO,38487
HPN,OAK,260
HPN,OKC,388
HPN,OMA,843
HPN,ORF,437
HPN,PBI,33174
HPN,PDX,1029
HPN,PHF,81
HPN,PHX,2490
HPN,PIT,3760
HPN,PSP,115
HPN,PWM,58
HPN,RDU,1731
HPN,RIC,496
HPN,ROC,194
HPN,SAN,1721
HPN,SAT,992
HPN,SAV,1261
HPN,SBN,141
HPN,SEA,2002
HPN,SFO,3247
HPN,SJC,752
HPN,SLC,728
HPN,SMF,528
HPN,SRQ,862
HPN,STL,1953
HPN,SYR,51
HPN,TPA,9813
HPN,TUL,399
HPN,TUS,551
HPN,HSV,6
HPN,IAH,1542
HPN,IND,2071
HPN,JAX,1586
HPN,LAS,2028
HPN,LAX,3183
HPN,LEX,92
HPN,MCI,1840
HPN,MDW,178
HPN,MEM,1120
HPN,MHT,9
HPN,MIA,1011
HPN,MKE,1512
HPN,MSN,1321
HPN,MSP,6195
HPN,MSY,1479
HPN,MYR,417
HPN,ONT,159
HPN,ORD,34142
HPN,RSW,11028
HPN,SDF,1034
HPN,SNA,1018
HPN,TYS,735
HPN,ILM,310
HPN,RNO,184
HPN,LIT,268
HPN,MLB,20
HPN,PHL,525
HPN,TLH,23
HPN,LGB,2
HPN,XNA,413
HPN,PNS,335
HPN,JAC,79
HPN,ROA,28
HPN,ICT,2
HPN,JAN,2
HRL,IAH,3105
HSV,IAD,4256
HSV,ISP,10
HSV,JFK,28
HSV,LAX,473
HSV,LGA,225
HSV,LGB,16
HSV,NYC,10
HSV,ONT,98
HSV,SNA,139
HSV,SWF,12
HSV,WAS,33
IAD,PBI,7671
IAD,IAH,22895
IAD,IND,9726
IAD,ISP,78
IAD,JAN,1892
IAD,JAX,12175
IAD,JFK,19985
IAD,LAS,49005
IAD,LAX,171427
IAD,LGA,20611
IAD,LGB,25271
IAD,LIT,2869
IAD,MCI,15574
IAD,MCO,100978
IAD,MDW,23129
IAD,MEM,5618
IAD,MHT,2878
IAD,MIA,28673
IAD,MKE,4224
IAD,MOB,32
IAD,MSN,2325
IAD,MSP,30953
IAD,MSY,19068
IAD,OAK,30747
IAD,OKC,5882
IAD,OMA,4807
IAD,ONT,5506
IAD,ORD,60275
IAD,PDX,17744
IAD,PHX,23391
IAD,PIT,5793
IAD,PNS,4719
IAD,PVD,4737
IAD,PWM,4601
IAD,RDU,10161
IAD,RNO,5014
IAD,ROC,4567
IAD,RSW,7462
IAD,SAN,50016
IAD,SAT,15818
IAD,SDF,3418
IAD,SEA,48871
IAD,SFO,141220
IAD,SJC,13989
IAD,SLC,20804
IAD,SMF,16225
IAD,SNA,8775
IAD,SRQ,1294
IAD,STL,14559
IAD,SWF,327
IAD,SYR,3196
IAD,TPA,46445
IAD,TUL,3066
IAD,TUS,8218
IAD,TYS,2991
IAD,MLB,402
IAD,SAV,7144
IAD,PHF,4
IAD,ORF,1048
IAD,TLH,963
IAD,MYR,429
IAD,VPS,297
IAD,ICT,277
IAD,LEX,22
IAD,MGM,13
IAD,LAN,7
IAH,IND,23455
IAH,ISP,614
IAH,JFK,9705
IAH,LAS,86556
IAH,LAX,121079
IAH,LBB,11734
IAH,LGA,104314
IAH,LGB,2224
IAH,LIT,10287
IAH,MAF,19614
IAH,MCI,26463
IAH,MCO,68094
IAH,MEM,11077
IAH,MFE,12961
IAH,MIA,49838
IAH,MSP,38420
IAH,MSY,63864
IAH,NYC,127
IAH,OAK,16602
IAH,OKC,24589
IAH,ONT,14720
IAH,PBI,4017
IAH,PDX,24561
IAH,PHL,66386
IAH,PHX,49234
IAH,PIT,32846
IAH,RNO,6433
IAH,SAN,42463
IAH,SAT,17204
IAH,SEA,57570
IAH,SFO,73634
IAH,SJC,22043
IAH,SLC,35883
IAH,SMF,17421
IAH,SNA,32468
IAH,STL,21963
IAH,SWF,942
IAH,TPA,33922
IAH,TUL,28918
IAH,WAS,172
IAH,MHT,3655
IAH,ORD,137961
IAH,PVD,6852
IAH,JAX,14309
IAH,SDF,8708
IAH,MDW,1130
IAH,OMA,13685
IAH,RDU,22096
IAH,JAN,5076
IAH,ORF,7600
IAH,PHF,1437
IAH,MKE,8898
IAH,RSW,786
IAH,RIC,2219
IND,ISP,1792
IND,JFK,6182
IND,LAX,58466
IND,LGA,50469
IND,LGB,870
IND,MIA,19387
IND,NYC,20
IND,OAK,6613
IND,ONT,9298
IND,PIE,17419
IND,SFO,34468
IND,SJC,9337
IND,SNA,12135
IND,SWF,919
IND,TPA,56954
IND,WAS,10
IND,MDW,14244
IND,MHT,6779
IND,ORD,29573
IND,PVD,9473
IND,RSW,3853
IND,MCO,5134
IND,MSP,207
IND,MCI,8792
IND,PHX,26333
IND,SEA,452
IND,LAS,2903
ISP,MCO,69931
ISP,OAK,1189
ISP,OKC,794
ISP,OMA,693
ISP,ORF,3287
ISP,PBI,41293
ISP,PDX,782
ISP,PHF,233
ISP,PHX,6910
ISP,PIT,1665
ISP,PSP,31
ISP,PWM,113
ISP,RDU,8083
ISP,RIC,428
ISP,RNO,427
ISP,ROC,341
ISP,SAN,2904
ISP,SAT,2408
ISP,SAV,346
ISP,SBN,49
ISP,SEA,1159
ISP,SFO,966
ISP,SJC,700
ISP,SLC,840
ISP,SMF,640
ISP,SRQ,423
ISP,STL,2984
ISP,SYR,248
ISP,TPA,39983
ISP,TUL,453
ISP,TUS,720
ISP,JAX,4556
ISP,LAS,8436
ISP,LAX,3996
ISP,LEX,54
ISP,MCI,1927
ISP,MDW,18563
ISP,MEM,330
ISP,MHT,28
ISP,MIA,993
ISP,MKE,655
ISP,MLB,337
ISP,MSN,108
ISP,MSP,826
ISP,MSY,2135
ISP,MYR,549
ISP,ONT,607
ISP,ORD,3881
ISP,PVD,1988
ISP,RSW,9638
ISP,SDF,2262
ISP,SNA,511
ISP,TYS,379
ISP,WAS,1
ISP,LIT,344
ISP,PHL,221
ISP,TLH,32
ISP,XNA,64
ISP,PNS,89
ISP,ROA,27
ISP,LGB,1
ISP,JAN,11
JAN,WAS,43
JAN,MDW,9095
JAN,ORD,3386
JAN,LAX,842
JAN,ONT,186
JAN,SNA,111
JAN,LGB,7
JAN,JFK,13
JAN,LGA,129
JAX,JFK,33976
JAX,LAX,21410
JAX,LGA,40824
JAX,MIA,14610
JAX,NYC,57
JAX,ONT,3638
JAX,SNA,5145
JAX,SWF,1097
JAX,WAS,37
JAX,MDW,15773
JAX,MHT,7018
JAX,ORD,33844
JAX,PVD,12443
JAX,LGB,157
JAX,ORF,17129
JAX,PHF,1715
JAX,TPA,6529
JAX,OAK,2939
JAX,SFO,12773
JAX,SJC,3558
JAX,PHX,3363
JAX,MCI,488
JAX,LAS,767
JFK,MCO,220547
JFK,OAK,50226
JFK,OKC,1614
JFK,OMA,1203
JFK,ORF,5547
JFK,PBI,101490
JFK,PDX,33077
JFK,PHF,47
JFK,PHX,83712
JFK,PIT,21130
JFK,PSP,3629
JFK,PWM,12905
JFK,RDU,37031
JFK,RIC,9065
JFK,RNO,6799
JFK,ROC,44126
JFK,SAN,84532
JFK,SAT,8782
JFK,SAV,13635
JFK,SBN,26
JFK,SEA,91480
JFK,SFO,339494
JFK,SJC,29991
JFK,SLC,57213
JFK,SMF,18834
JFK,SRQ,12495
JFK,STL,6777
JFK,SYR,20787
JFK,TPA,110166
JFK,TUL,1023
JFK,TUS,5542
JFK,LAS,201132
JFK,LAX,496581
JFK,LEX,108
JFK,LGB,63206
JFK,LIT,891
JFK,MCI,3434
JFK,MDW,4092
JFK,MEM,1970
JFK,MHT,14
JFK,MIA,143165
JFK,MKE,1479
JFK,MLB,532
JFK,MSN,719
JFK,MSP,43735
JFK,MSY,45654
JFK,MYR,1915
JFK,ONT,13916
JFK,ORD,51583
JFK,PVD,639
JFK,RSW,58856
JFK,SDF,1844
JFK,SNA,9409
JFK,TYS,1099
JFK,ORL,2
JFK,WAS,308
JFK,PHL,577
JFK,PIE,783
JFK,TLH,402
JFK,XNA,383
JFK,PNS,971
JFK,ROA,14
JFK,MVY,1307
LAS,LAX,276979
LAS,LGA,30616
LAS,MIA,49381
LAS,NYC,70
LAS,OAK,154047
LAS,ONT,60647
LAS,SFO,228776
LAS,SJC,135167
LAS,SNA,87414
LAS,SWF,1875
LAS,TPA,63444
LAS,WAS,30
LAS,MDW,131604
LAS,MHT,15782
LAS,ORD,194424
LAS,PVD,21171
LAS,MCO,5565
LAS,MSP,4659
LAS,PIE,1284
LAS,SMF,17349
LAS,MCI,31501
LAS,SAC,2
LAS,LGB,40062
LAS,ORF,15761
LAS,PHF,2241
LAS,MKC,1
LAS,PHX,88594
LAS,SEA,9872
LAS,LIT,548
LAS,MEM,563
LAS,MFE,406
LAS,MKE,2478
LAS,MSN,189
LAS,MSY,940
LAS,OKC,1069
LAS,OMA,1416
LAS,PBI,343
LAS,PDX,4068
LAS,PHL,4759
LAS,PIA,597
LAS,PIT,2333
LAS,RDU,1521
LAS,RNO,4710
LAS,SAN,6311
LAS,SAT,2062
LAS,SDF,865
LAS,SLC,3097
LAS,STL,2208
LAS,TUL,668
LAS,TUS,1990
LAS,RIC,171
LAS,SBN,166
LAS,SGF,172
LAS,SYR,164
LAS,RSW,189
GEG,LAX,24460
GEG,LGB,1378
GEG,OAK,22202
GEG,ONT,10395
GEG,SFO,10487
GEG,SJC,10561
GEG,SNA,11246
GEG,SMF,2480
GEG,PHX,16161
GEG,IAD,1027
GEG,SEA,1554
GEG,MDW,510
GEG,ORD,790
GEG,LAS,875
ICT,LAX,7700
ICT,LGB,368
ICT,MDW,1609
ICT,ONT,1567
ICT,ORD,5060
ICT,SNA,3048
ICT,PHX,1988
ICT,ISP,3
ICT,JFK,10
ICT,LGA,103
ICT,SWF,2
ICT,LAS,637
LAX,LGA,52205
LAX,MAF,216
LAX,MCO,140842
LAX,MEM,27871
LAX,MIA,109450
LAX,MKE,43900
LAX,MSP,130530
LAX,MSY,76826
LAX,NYC,260
LAX,OAK,233165
LAX,OKC,22628
LAX,OMA,26635
LAX,ORF,20169
LAX,PBI,12685
LAX,PDX,148085
LAX,PHF,2766
LAX,PHL,139408
LAX,PHX,178290
LAX,PIT,42449
LAX,RDU,43738
LAX,RIC,12836
LAX,RNO,71835
LAX,ROC,6360
LAX,SAN,6543
LAX,SAT,49671
LAX,SDF,16749
LAX,SEA,285300
LAX,SFO,388660
LAX,SJC,178825
LAX,SLC,142363
LAX,SMF,141005
LAX,STL,75757
LAX,SWF,2049
LAX,SYR,3848
LAX,TPA,56271
LAX,TUL,17309
LAX,TUS,68728
LAX,WAS,97
LAX,LIT,14007
LAX,MCI,77010
LAX,MDW,98011
LAX,MHT,11813
LAX,ORD,301567
LAX,PVD,23393
LAX,RSW,6989
LAX,ORL,1
LAX,PIE,988
LAX,MFR,12674
LAX,MSN,3062
LAX,STS,9965
LAX,PSC,1670
LAX,MRY,2768
LAX,RDM,2646
LAX,SGF,316
LAX,TSS,4
LAX,MDT,377
LAX,LEX,462
LAX,XNA,3166
LAX,MSO,1169
LAX,PAE,822
LAX,LBB,69
LAX,PNS,118
LAX,TYS,135
LEX,LGA,1315
LEX,NYC,26
LEX,SWF,41
LEX,MDW,15
LEX,ORD,1089
LEX,MIA,220
LEX,ONT,13
LEX,SNA,31
LEX,WAS,5
LGA,MCO,224383
LGA,OAK,5197
LGA,OKC,12065
LGA,OMA,14320
LGA,ORF,19622
LGA,PBI,148824
LGA,PDX,14050
LGA,PHF,11947
LGA,PHX,27783
LGA,PIT,64037
LGA,PSP,2374
LGA,PWM,11851
LGA,RDU,97630
LGA,RIC,30644
LGA,RNO,4748
LGA,ROC,22081
LGA,SAN,18655
LGA,SAT,24011
LGA,SAV,21381
LGA,SBN,564
LGA,SBS,10
LGA,SEA,18447
LGA,SFO,31343
LGA,SJC,9064
LGA,SLC,13275
LGA,SMF,11400
LGA,SRQ,13943
LGA,STL,73165
LGA,SYR,12074
LGA,TPA,111484
LGA,TUL,7670
LGA,TUS,11721
LGA,WAS,305
LGA,LGB,506
LGA,LIT,7116
LGA,MCI,57298
LGA,MDW,76620
LGA,MEM,33200
LGA,MHT,5822
LGA,MIA,219205
LGA,MKE,60888
LGA,MLB,4667
LGA,MSN,14745
LGA,MSP,89624
LGA,MSY,57122
LGA,MYR,38072
LGA,ONT,6084
LGA,ORD,417808
LGA,PVD,2130
LGA,RSW,37482
LGA,SDF,19690
LGA,SNA,14510
LGA,TYS,11169
LGA,ORL,2
LGA,WHR,1
LGA,PHL,364
LGA,PIE,258
LGA,TLH,1081
LGA,XNA,8343
LGA,PNS,3908
LGA,ROA,179
LGA,MVY,367
LGB,MCO,1968
LGB,MEM,433
LGB,MIA,227
LGB,MKE,438
LGB,MSP,1097
LGB,MSY,392
LGB,OAK,61832
LGB,OKC,382
LGB,OMA,851
LGB,ORF,120
LGB,PBI,92
LGB,PDX,23416
LGB,PHL,978
LGB,PHX,19187
LGB,PIT,517
LGB,RDU,531
LGB,RNO,2835
LGB,ROC,376
LGB,SAT,1611
LGB,SDF,115
LGB,SEA,40986
LGB,SFO,27746
LGB,SLC,49255
LGB,SMF,25873
LGB,STL,1411
LGB,TPA,712
LGB,TUL,341
LGB,TUS,1410
LGB,LIT,192
LGB,MCI,1305
LGB,ORD,9070
LGB,RSW,63
LGB,MDW,187
LGB,PVD,65
LGB,MSN,9
LGB,MFR,65
LGB,RIC,290
LGB,MHT,12
LGB,SJC,8228
LGB,PSC,53
LGB,PHF,8
LGB,RDM,27
LGB,MAF,1
LGB,SGF,5
LGB,SYR,400
LGB,MSO,15
LGB,XNA,5
LGB,SWF,4
LGB,TYS,1
LIT,NYC,38
LIT,ONT,4074
LIT,SNA,2974
LIT,SWF,147
LIT,WAS,26
LIT,MDW,11174
LIT,ORD,14828
LIT,OAK,491
LIT,SFO,770
LIT,SJC,346
MCI,MIA,15198
MCI,NYC,39
MCI,OAK,20780
MCI,ONT,13435
MCI,SFO,33955
MCI,SJC,12233
MCI,SNA,16530
MCI,SWF,814
MCI,TPA,35577
MCI,WAS,29
MCI,MDW,88900
MCI,MHT,6039
MCI,ORD,73928
MCI,PVD,8390
MCI,MCO,28045
MCI,MSP,15688
MCI,RSW,1918
MCI,MKE,7459
MCI,MSY,7273
MCI,OKC,7477
MCI,PDX,8609
MCI,PHL,11927
MCI,PHX,56153
MCI,SAN,14405
MCI,SAT,7929
MCI,SEA,15232
MCI,SLC,8187
MCI,STL,19287
MCI,TUL,567
MCI,RDU,7769
MCI,SMF,8264
MCI,PIT,3514
MCI,PIE,888
MCI,SDF,613
MCI,ORF,810
MCI,PHF,213
MCO,OAK,14369
MCO,SFO,63811
MCO,SJC,22048
MCO,WAS,53
MCO,MDW,147508
MCO,MHT,61775
MCO,MIA,30452
MCO,NYC,279
MCO,ONT,15519
MCO,ORD,176252
MCO,ORF,32331
MCO,PHF,8993
MCO,PVD,109819
MCO,SNA,17869
MCO,SWF,18163
MCO,PDX,977
MCO,PHL,9103
MCO,PHX,34955
MCO,PIT,3292
MCO,RDU,1953
MCO,RIC,1074
MCO,ROC,1853
MCO,SAN,1123
MCO,SAT,1606
MCO,SEA,2440
MCO,SLC,1639
MCO,STL,2909
MCO,SYR,2073
MCO,MEM,1920
MCO,MKE,4229
MCO,MSP,3445
MCO,MSY,2249
MCO,OMA,1960
MCO,SDF,1877
MCO,PWM,326
MCO,MDT,369
MCO,TYS,992
MCO,SMF,2400
MCO,TOL,196
MCO,OKC,575
MCO,TUL,129
MDT,MIA,421
MDT,MDW,301
MDT,ORD,15527
MDT,ONT,65
MDT,SNA,93
MDT,MHT,86
MDT,PVD,118
EVV,MDW,2
EVV,ORD,195
FNT,MDW,5
FNT,ORD,89
FNT,TPA,10537
FNT,MIA,326
FNT,PIE,695
FNT,IAD,11
FNT,LAS,518
LAN,MDW,1
LAN,ORD,99
LAN,LAS,166
MBS,MDW,11
MBS,ORD,444
MBS,MCO,136
MDW,MEM,6394
MDW,MIA,10418
MDW,MSP,117685
MDW,MSY,27457
MDW,OAK,35415
MDW,OKC,8519
MDW,OMA,34567
MDW,ONT,12215
MDW,ORF,10165
MDW,PBI,7064
MDW,PDX,15248
MDW,PHF,1201
MDW,PHL,45758
MDW,PHX,98035
MDW,PIE,20016
MDW,PIT,32971
MDW,RDU,30140
MDW,RIC,1623
MDW,RNO,6504
MDW,ROC,1198
MDW,RSW,56429
MDW,SAN,45040
MDW,SAT,20500
MDW,SDF,30126
MDW,SEA,30212
MDW,SFO,37167
MDW,SJC,13508
MDW,SLC,13890
MDW,SMF,14606
MDW,SNA,6888
MDW,SRQ,17350
MDW,STL,71399
MDW,SYR,249
MDW,TOL,6
MDW,TPA,69383
MDW,TUL,6452
MDW,TUS,8396
MDW,TYS,417
MDW,PVD,24953
MDW,PSP,49
MDW,MHT,19956
MDW,SAV,1417
MDW,MYR,1967
MDW,PNS,1405
MDW,SWF,155
MDW,XNA,16
MDW,SPI,2
MDW,NYC,2
MDW,TTN,662
MDW,PWM,127
MDW,WAS,2
MEM,MIA,12558
MEM,NYC,42
MEM,OAK,2035
MEM,SFO,13826
MEM,SJC,2883
MEM,SWF,366
MEM,TPA,18584
MEM,WAS,19
MEM,MHT,1094
MEM,ONT,3337
MEM,ORD,34411
MEM,PVD,2136
MEM,SNA,3878
MEM,MSP,140
MEM,PHX,1697
MEM,PIE,518
MHT,MIA,2974
MHT,MKE,2508
MHT,MLB,80
MHT,MSP,5952
MHT,MSY,4290
MHT,OAK,3175
MHT,ONT,1641
MHT,ORD,17527
MHT,ORF,5553
MHT,PBI,7767
MHT,PDX,3967
MHT,PHF,584
MHT,PHL,30115
MHT,PHX,13922
MHT,PIT,7189
MHT,RDU,10202
MHT,RIC,1612
MHT,ROC,679
MHT,RSW,8336
MHT,SAN,9723
MHT,SAT,4348
MHT,SEA,7332
MHT,SFO,6870
MHT,SJC,3844
MHT,SLC,4783
MHT,SMF,3175
MHT,SNA,2526
MHT,SRQ,962
MHT,STL,7593
MHT,SYR,98
MHT,TPA,38949
MHT,TUS,1208
MHT,WAS,9
MHT,MYR,1075
MHT,SDF,3984
MHT,SAV,1255
MHT,MSN,412
MHT,OMA,1694
MHT,OKC,252
MHT,NYC,2
MHT,RNO,51
MHT,TYS,6
MIA,MKE,11587
MIA,MSP,41434
MIA,MSY,26781
MIA,NYC,97
MIA,OAK,2118
MIA,OMA,2492
MIA,ORF,10524
MIA,PDX,8503
MIA,PHF,1777
MIA,PHL,75060
MIA,PHX,21275
MIA,PIT,19632
MIA,PWM,212
MIA,RDU,29912
MIA,RIC,9184
MIA,ROC,4719
MIA,SAN,16846
MIA,SAT,10276
MIA,SEA,24602
MIA,SFO,62079
MIA,SJC,4855
MIA,SLC,11138
MIA,STL,23295
MIA,SWF,709
MIA,SYR,4348
MIA,TLH,7301
MIA,TPA,32122
MIA,WAS,24
MIA,MSN,147
MIA,ONT,3679
MIA,ORD,126636
MIA,PVD,6891
MIA,SDF,9390
MIA,SNA,5760
MIA,TYS,1785
MIA,ORH,4
MIA,ORL,1
MIA,PIE,16
MIA,SMF,3155
MIA,OKC,136
MIA,TOL,57
MIA,RNO,38
MIA,TUL,74
MIA,PBG,6
MKE,NYC,160
MKE,OAK,2507
MKE,SFO,34408
MKE,SJC,4810
MKE,SWF,665
MKE,TPA,41313
MKE,WAS,113
MKE,ONT,4544
MKE,PVD,3025
MKE,RSW,2361
MKE,SNA,7640
MKE,MSP,330
MKE,PIE,3391
MKE,PHX,36301
MKE,SEA,175
MLB,NYC,31
MLB,SWF,206
MLB,PVD,336
MLB,WAS,9
MOB,WAS,13
MSN,NYC,26
MSN,SWF,268
MSN,WAS,21
MSN,OAK,217
MSN,SFO,5736
MSN,SJC,975
MSN,ONT,340
MSN,SNA,884
MSN,PHX,251
MSN,PVD,459
MSP,NYC,17
MSP,OAK,6338
MSP,SFO,112209
MSP,SJC,20094
MSP,SWF,1246
MSP,TPA,57701
MSP,WAS,8
MSP,ONT,12431
MSP,ORD,163372
MSP,PVD,8985
MSP,RSW,2425
MSP,SNA,27612
MSP,MSY,162
MSP,OMA,158
MSP,PBI,130
MSP,PDX,143
MSP,PHL,290
MSP,PHX,90704
MSP,PIT,147
MSP,SAN,305
MSP,SAT,107
MSP,SEA,2194
MSP,SLC,182
MSP,STL,370
MSP,TUS,190
MSP,PIE,1556
MSP,SMF,799
MSP,ORF,1026
MSP,PHF,235
MSY,NYC,132
MSY,OAK,17336
MSY,SFO,34209
MSY,SJC,9161
MSY,SWF,779
MSY,TPA,43859
MSY,WAS,50
MSY,ONT,7801
MSY,ORD,58774
MSY,PVD,8875
MSY,SNA,9515
MSY,ORF,2355
MSY,PHF,498
MSY,ORL,1
MSY,PHX,13164
MSY,PIE,153
MSY,SEA,463
MYR,SWF,969
MYR,PVD,1888
MYR,ORD,10820
MYR,NYC,2
NYC,OAK,13
NYC,OKC,19
NYC,OMA,7
NYC,PBI,336
NYC,PDX,57
NYC,PHX,70
NYC,PSP,10
NYC,RDU,14
NYC,RNO,16
NYC,SAN,93
NYC,SAT,53
NYC,SAV,64
NYC,SBN,7
NYC,SBS,1
NYC,SEA,49
NYC,SFO,148
NYC,SJC,24
NYC,SLC,128
NYC,SMF,26
NYC,SRQ,79
NYC,STL,19
NYC,TPA,160
NYC,TUL,21
NYC,TUS,34
NYC,WAS,48
NYC,ONT,25
NYC,ORD,40
NYC,RSW,81
NYC,SDF,48
NYC,SNA,35
NYC,TYS,80
NYC,PIT,27
NYC,PWM,9
NYC,PVD,2
NYC,ORF,23
NYC,RIC,9
NYC,ROC,11
NYC,PNS,1
NYC,SYR,5
NYC,PHL,1
OAK,PBI,895
OAK,SBA,288
OAK,SEA,155059
OAK,STL,11690
OAK,TPA,7832
OAK,TUL,2184
OAK,TUS,16189
OAK,WAS,8
OAK,OKC,4114
OAK,OMA,5667
OAK,ONT,120025
OAK,ORD,20858
OAK,ORF,2296
OAK,PDX,97282
OAK,PHL,10716
OAK,PHX,112050
OAK,PIT,3673
OAK,PSP,959
OAK,PVD,4533
OAK,RDU,6677
OAK,RNO,21324
OAK,ROC,430
OAK,SAN,183288
OAK,SAT,11342
OAK,SLC,68810
OAK,SNA,158601
OAK,PHF,101
OAK,SWF,37
OAK,SDF,2399
OAK,RSW,161
OAK,PIE,1
OAK,RIC,633
OAK,PAE,3
OAK,SYR,187
OAK,RDM,31
OKC,SFO,9840
OKC,SJC,5064
OKC,WAS,25
OKC,ONT,7099
OKC,ORD,20047
OKC,SNA,7154
OKC,SWF,264
OKC,PHX,11388
OKC,SEA,339
OKC,PVD,398
OMA,SFO,14551
OMA,SJC,6961
OMA,WAS,46
OMA,ONT,7394
OMA,ORD,35349
OMA,SNA,9244
OMA,SWF,242
OMA,TPA,4161
OMA,PHX,25346
OMA,PIE,769
OMA,PVD,2129
OMA,SEA,373
MAF,ONT,81
MAF,SNA,6
ONT,ORF,3329
ONT,PBI,1551
ONT,PDX,47159
ONT,PHF,182
ONT,PHL,10108
ONT,PHX,76772
ONT,PIT,4929
ONT,RDU,6645
ONT,RIC,1305
ONT,RNO,18801
ONT,ROC,665
ONT,SAN,24
ONT,SAT,11925
ONT,SDF,4822
ONT,SEA,70546
ONT,SFO,25005
ONT,SJC,71521
ONT,SLC,29890
ONT,SMF,127803
ONT,STL,13238
ONT,SWF,163
ONT,SYR,560
ONT,TPA,8185
ONT,TUL,6446
ONT,TUS,6560
ONT,WAS,20
ONT,ORD,18265
ONT,PVD,2952
ONT,RSW,729
ONT,PSC,345
ONT,RDM,332
ONT,STS,7
ONT,SGF,112
ONT,SAC,2
ONT,XNA,594
ONT,PAE,22
ONT,PNS,19
ONT,TYS,12
LNK,ORD,434
LNK,MDW,3
ORD,ORF,23043
ORD,PBI,38926
ORD,PDX,61434
ORD,PHF,2289
ORD,PHL,182429
ORD,PHX,194856
ORD,PIT,63788
ORD,PSP,10736
ORD,RDU,71041
ORD,RIC,29230
ORD,RNO,21525
ORD,ROC,18671
ORD,RSW,82542
ORD,SAN,99069
ORD,SAT,46716
ORD,SAV,10751
ORD,SDF,20495
ORD,SEA,122263
ORD,SFO,229055
ORD,SJC,44897
ORD,SLC,56028
ORD,SMF,29185
ORD,SNA,83782
ORD,SPI,209
ORD,SRQ,7255
ORD,STL,84416
ORD,SWF,4540
ORD,SYR,15925
ORD,TOL,832
ORD,TPA,109387
ORD,TUL,21551
ORD,TUS,29485
ORD,TYS,12124
ORD,WAS,19
ORD,PVD,35098
ORD,PIE,2635
ORD,PNS,2503
ORD,XNA,5039
ORD,PWM,2878
ORD,TTN,1494
ORF,PHL,4474
ORF,SAN,24973
ORF,SFO,8189
ORF,SJC,2685
ORF,PVD,10994
ORF,SNA,3987
ORF,SWF,328
ORF,TPA,15232
ORF,SEA,8692
ORF,PIE,307
ORF,STL,3131
ORF,PHX,911
ORF,SAT,802
ORF,PIT,202
PDX,SFO,107327
PDX,SJC,108110
PDX,WAS,22
PDX,PVD,5847
PDX,SNA,66025
PDX,SWF,506
PDX,SMF,10241
PDX,TPA,10601
PDX,PHX,61515
PDX,SEA,1338
PHF,PHL,578
PHF,SAN,1387
PHF,SFO,1511
PHF,PVD,992
PHF,SWF,116
PHF,SJC,142
PHF,TPA,3392
PHF,SNA,345
PHF,SEA,1041
PHF,STL,460
PHF,PHX,121
PHF,SAT,222
PHF,PIT,52
PHL,SFO,106366
PHL,SJC,15006
PHL,TPA,126187
PHL,PVD,31901
PHL,RSW,2960
PHL,SNA,21259
PHL,PIE,1458
PHL,SWF,108
PHL,PHX,43234
PHL,SEA,762
PHX,SFO,125486
PHX,SJC,109021
PHX,TPA,39921
PHX,WAS,40
PHX,PVD,22501
PHX,SNA,109799
PHX,SWF,1818
PHX,PIE,85
PHX,SMF,56341
PHX,PIT,20057
PHX,RDU,15491
PHX,RNO,20224
PHX,SAN,70999
PHX,SAT,21025
PHX,SEA,105050
PHX,SLC,58247
PHX,STL,33259
PHX,TUL,7931
PHX,SDF,6067
PHX,RSW,1183
PHX,PIA,114
PIT,SFO,35807
PIT,SJC,6064
PIT,TPA,57664
PIT,PVD,11033
PIT,RSW,1722
PIT,SNA,10575
PIT,SWF,869
PIT,SEA,341
PNS,WAS,32
PNS,TPA,976
PNS,SWF,161
PNS,SNA,25
PSP,SFO,37577
PSP,SJC,2874
PSP,SWF,54
PSP,SEA,247
PBI,PVD,18369
PBI,SFO,4053
PBI,SJC,1191
PBI,SNA,3442
PBI,SWF,3910
PBI,WAS,46
PBI,TPA,6806
PVD,RDU,14180
PVD,RIC,2787
PVD,ROC,1051
PVD,RSW,19654
PVD,SAN,16554
PVD,SAT,6440
PVD,SEA,11327
PVD,SFO,12195
PVD,SJC,4975
PVD,SLC,4591
PVD,SMF,4251
PVD,SNA,4557
PVD,SRQ,2458
PVD,STL,10573
PVD,SYR,118
PVD,TPA,54249
PVD,TUS,1240
PVD,WAS,8
PVD,SDF,5198
PVD,SAV,2835
PVD,RNO,73
PVD,TYS,16
PWM,WAS,37
PWM,TPA,1683
PWM,SWF,36
RDU,SFO,34964
RDU,SJC,15532
RDU,TPA,45981
RDU,SNA,8571
RDU,SWF,5120
RDU,WAS,3
RNO,SFO,10025
RNO,SJC,25022
RNO,WAS,17
RNO,SNA,20172
RNO,SWF,152
RNO,SEA,1285
ROC,SFO,3194
ROC,SJC,850
ROC,TPA,23326
ROC,SNA,1605
ROC,SWF,63
ROC,RSW,116
ROC,WAS,2
RSW,SNA,1948
RSW,STL,1314
RSW,SWF,1207
RSW,SYR,95
RSW,WAS,29
RSW,SDF,126
RSW,SFO,1496
RSW,SJC,304
SAN,SFO,209678
SAN,SJC,175947
SAN,TPA,23719
SAN,WAS,42
SAN,SNA,11
SAN,SWF,1259
SAN,SMF,19514
SAN,SEA,2875
SAT,SFO,18442
SAT,SJC,11230
SAT,WAS,63
SAT,SNA,11614
SAT,SWF,683
SAT,TPA,17838
SAT,SEA,479
SAT,SMF,132
SDF,SWF,496
SDF,TPA,26582
SDF,WAS,18
SDF,SNA,6418
SDF,SFO,7289
SDF,SJC,2724
SEA,TPA,32965
SEA,WAS,30
SEA,SFO,219344
SEA,SJC,151488
SEA,SNA,124687
SEA,SWF,1022
SEA,SMF,18119
SEA,STL,878
SEA,TUL,281
SEA,TUS,443
SEA,SLC,2036
SBA,SFO,9426
SBA,SJC,605
SFO,STL,40500
SFO,TPA,31576
SFO,TUL,3856
SFO,TUS,16273
SFO,WAS,57
SFO,SLC,53664
SFO,SNA,124323
SFO,SWF,2018
SFO,SYR,566
SJC,STL,13401
SJC,TPA,10634
SJC,TUL,2271
SJC,TUS,16044
SJC,WAS,13
SJC,SLC,36953
SJC,SNA,162217
SJC,SWF,862
SJC,SYR,175
SLC,WAS,67
SLC,SNA,47197
SLC,SWF,508
SLC,SMF,6998
SLC,TPA,11138
SMF,WAS,15
SMF,SNA,104659
SMF,SWF,219
SMF,STL,1578
RIC,SNA,2485
RIC,SWF,284
RIC,SFO,6951
RIC,SJC,1334
RIC,TPA,2614
SNA,STL,19006
SNA,SWF,442
SNA,SYR,654
SNA,TPA,11047
SNA,TUL,6438
SNA,TUS,6870
SNA,WAS,18
SNA,STS,1550
SNA,XNA,661
SNA,TYS,16
SRQ,WAS,23
SRQ,SWF,577
STL,TPA,46970
STL,WAS,20
STL,SWF,1065
SAV,SWF,527
SAV,WAS,11
SBN,SWF,35
SBN,TPA,217
SWF,TPA,4733
SWF,TUL,228
SWF,TUS,532
SWF,TYS,272
SWF,SYR,6
SWF,TLH,16
SWF,XNA,56
SYR,TPA,12101
SYR,WAS,2
TLH,TPA,7541
TLH,WAS,19
TPA,WAS,41
TPA,TYS,867
TUL,WAS,9
TUS,WAS,20
TYS,WAS,40
BHC,OAK,11
BHC,SFO,1
BHC,SJC,137
FAR,MSP,100
FAR,PHX,1027
ILM,ISP,324
ILM,JFK,221
ILM,LGA,5253
ILM,SWF,180
FSD,LAX,39
FSD,ONT,24
FSD,SNA,31
FSD,MCO,114
FSD,PHX,1958
FSD,LAS,189
ORL,SAN,1
ORL,SFO,1
ORL,PHX,2
BTV,MCO,116
BTV,EWR,6143
BTV,ISP,50
BTV,JFK,19725
BTV,LGA,6368
BTV,HPN,22
BTV,TPA,798
BTV,FLL,2485
BTV,MIA,359
BTV,BWI,2037
BTV,DCA,8642
BTV,IAD,3363
BTV,SWF,1
BTV,ORD,208
PIE,SFO,591
PIE,SEA,42
PIE,SJC,8
PIE,PIT,3777
PIE,STL,1579
PIE,SBN,1091
PIE,SWF,1935
PIE,TYS,1561
PIE,SYR,2638
PIE,RDU,494
PIE,RIC,940
PIE,PVD,157
PIE,SDF,656
PIE,SAN,8
BMI,MCO,168
CHA,MCO,133
CHA,EWR,381
CHA,ISP,5
CHA,JFK,54
CHA,LGA,326
CHA,NYC,26
CHA,SWF,10
CHA,HPN,21
MFR,ONT,1752
MFR,SNA,2180
MFR,OAK,2
MFR,SFO,140
MFR,SJC,3
ACV,BUR,46
ACV,LAX,116
ACV,ONT,60
ACV,SNA,68
GPT,MIA,117
GPT,TPA,5434
GYY,PIE,60
GYY,PIT,32
AZA,FSD,5247
AZA,CID,3472
AZA,FAR,4122
AZA,ICT,1283
AZA,BLI,2455
AZA,GRR,3272
AZA,EUG,607
AZA,OAK,2480
AZA,PDX,51
AZA,BIS,1469
AZA,DFW,676
AZA,DTW,26
AZA,FLL,209
AZA,LAS,1258
AZA,LAX,18
AZA,ORD,396
AZA,PIA,552
AZA,DCA,2
AZA,SEA,4
AZA,STL,2
AZA,TPA,2
AZA,BNA,3
AZA,CAK,2
AZA,COS,47
AZA,DEN,305
AZA,DSM,1572
AZA,IAH,105
AZA,IND,94
AZA,LGA,13
AZA,MCI,202
AZA,MCO,13
AZA,MDW,1
AZA,MKE,160
AZA,MSP,51
AZA,MSY,1
AZA,OKC,3
AZA,OMA,398
AZA,RSW,1
AZA,BIL,673
AZA,GFK,448
AZA,MOT,641
AZA,CVG,1505
AZA,FAT,42
AZA,MEM,215
AZA,PVU,2551
AZA,CLE,57
AZA,PIE,160
AZA,BOI,238
AZA,SDF,79
AZA,SAN,2
AZA,GEG,1
AZA,SLC,1
BLI,BUR,255
BLI,LAX,4665
BLI,LGB,477
BLI,ONT,326
BLI,PHX,827
BLI,SNA,1114
BLI,OAK,3159
BLI,SFO,436
BLI,SJC,326
BLI,LAS,414
JAC,JFK,525
JAC,LGA,1709
JAC,SWF,2
ECP,IAD,210
PSC,SNA,563
BIS,PHX,202
MRY,ONT,44
MRY,SNA,74
BIL,PHX,375
BIL,BUR,8
BIL,LAX,108
BIL,LGB,6
BIL,ONT,16
BIL,SNA,35
FWA,PIE,734
FWA,TPA,99
GFK,PHX,41
LCK,PIE,2284
LCK,MSY,49
MOT,PHX,75
BGR,PIE,604
BGR,TPA,61
BGR,EWR,296
BGR,HPN,4
BGR,ISP,4
BGR,JFK,171
BGR,LGA,377
BGR,NYC,5
BGR,BWI,9
BGR,DCA,154
BGR,IAD,8
BGR,SWF,2
RDM,SNA,806
RDM,SFO,525
RDM,SJC,71
AVL,EWR,3041
AVL,FLL,3399
AVL,HPN,115
AVL,ISP,40
AVL,JFK,246
AVL,LGA,1387
AVL,MIA,334
AVL,MDW,10
AVL,ORD,548
AVL,SWF,26
AVL,NYC,3
AVL,TPA,292
AVL,PIE,678
BZN,EWR,539
BZN,HPN,17
BZN,JFK,112
BZN,LGA,511
BZN,LAX,853
BZN,LGB,163
BZN,ONT,70
BZN,SNA,209
BZN,OAK,355
BZN,SFO,913
BZN,SJC,348
HVN,ORD,218
SGF,SNA,67
ROA,SWF,10
FTW,HOU,19
SAC,SAN,2
MKC,PIT,1
MKC,SEA,3
MSO,ONT,121
MSO,SNA,203
MSO,OAK,99
MSO,SFO,61
MSO,SJC,26
PAE,SFO,639
PAE,SJC,428
PAE,SNA,275
MGM,WAS,5
LBB,ONT,26
LBB,SNA,4
ACK,EWR,663
ACK,JFK,3584
ACK,LGA,1041
ACK,HPN,91
ACK,ISP,1
SFB,SWF,201
FCA,LAX,647
FCA,LGB,4
FCA,ONT,51
FCA,SNA,120
AGS,EWR,39
AGS,ISP,1
AGS,JFK,6
AGS,LGA,46
AGS,NYC,9
AGS,SWF,3
AIY,BOS,5
AIY,DTW,4
AIY,PVD,2
FNL,LAS,187